{"val_loss":0.7410044036453078,"val_reconstruction_loss":0.7178770636534465,"_step":5136,"epoch":2,"train_commitment_loss":0.00010395087156211957,"val_commitment_loss":0.01850187321331599,"val_quantized_loss":0.01850187321331599,"_wandb":{"runtime":1281},"_runtime":1281.628576541,"reconstructions":{"width":1042,"height":262,"caption":"Epoch 2 Reconstructions","_type":"image-file","sha256":"a4b6f5127ca426b3c629d060510c38d41b2454e9e126097d6e89bf95e4f8843e","size":336382,"path":"media/images/reconstructions_5068_a4b6f5127ca426b3c629.png","format":"png"},"_timestamp":1.7420239466705909e+09,"train_loss":0.15672162175178528,"train_quantized_loss":0.00010395087156211957,"train_reconstruction_loss":0.15659168362617493}