{"_runtime":47.570728604,"_step":157,"train_loss":0.48137226700782776,"train_reconstruction_loss":0.020940210670232773,"train_quantized_loss":4.604320526123047,"_timestamp":1.742029795712687e+09,"_wandb":{"runtime":48}}