{"train_quantized_loss":0.006062141619622707,"train_reconstruction_loss":0.0065862685441970825,"_wandb":{"runtime":7639},"train_commitment_loss":0.006062141619622707,"train_loss":0.01416394580155611,"_step":25349,"val_reconstruction_loss":0.42138747165819823,"_timestamp":1.7420416259691725e+09,"val_loss":0.5382069923712252,"val_quantized_loss":0.09345561647875827,"_runtime":7639.066351211,"reconstructions":{"height":262,"caption":"Epoch 10 Reconstructions","_type":"image-file","sha256":"42d4b94e6fc945368ed7028026b0d83b6c54438fe57c8cb65a04807c5e793ba8","size":414160,"path":"media/images/reconstructions_25348_42d4b94e6fc945368ed7.png","format":"png","width":1042},"epoch":10,"val_commitment_loss":0.09345561647875827}